20,FERNANDO DOS SANTOS MONARCA,FERNANDO DOS SANTOS MONARCA,1975-12-27,20385697732,4438569983215,imagem,13465571,rua martins fontes,70,bloco 2 apt 67,vila maria,americana,sp,2023-03-13 18:40:03,2023-03-13 18:40:03
23,Dr. Ítalo Marques Rezende,Ingrid Martines Quintana,2016-08-15,70872010268,121938470039858,https://via.placeholder.com/200x200.png/005566?text=deleniti,41850-201,"04128-365, Avenida Rodrigo Valdez, 84. Apto 10
São Dante - GO",612,492º Andar,"Largo Serna, 8. Bc. 85 Ap. 02",de Freitas do Norte,RO,2023-03-13 19:40:55,2023-03-13 19:40:55
24,Dr. Carlos Gabriel Gomes,Dr. Ivana Alícia Saraiva,1970-08-12,58747594827,285450140987645,https://via.placeholder.com/200x200.png/004422?text=totam,42042-473,"00643-336, Av. Reis, 93322
Edilson do Norte - MG",1646,Bc. 03 Ap. 71,"Rua Mary Alcantara, 764. Apto 602",Gilberto do Leste,RS,2023-03-13 19:40:55,2023-03-13 19:40:55
25,Dr. Wesley Rosa Saraiva,Dr. Carlos da Cruz Branco,1992-06-18,31445440460,658151863615987,https://via.placeholder.com/200x200.png/00aaee?text=ea,03128-159,"01391-825, Travessa Alexandre, 1960. 561º Andar
Chaves do Norte - RJ",2306,12º Andar,"Avenida Verônica, 7085",de Oliveira do Leste,CE,2023-03-13 19:40:55,2023-03-13 19:40:55
26,Dr. Henrique Verdugo Casanova Jr.,Olívia Aguiar Filho,1985-05-23,98041554732,640401277632276,https://via.placeholder.com/200x200.png/005577?text=quis,29317-228,"68806-492, Av. Gean Queirós, 193. Apto 3
Porto Sandra - AP",820,Bloco A,"Rua Saraiva, 7",São Alessandra,SC,2023-03-13 19:40:55,2023-03-13 19:40:55
27,Sr. Vicente Mauro Bonilha Jr.,Dr. Hortência Flores de Freitas,1995-10-24,66360159210,713980102053943,https://via.placeholder.com/200x200.png/0000cc?text=id,53116-242,"16651-565, Av. Marinho, 45
Porto Stephanie do Norte - RN",1989,Apto 10,"Rua Francisco, 77",Júlia do Norte,SC,2023-03-13 19:40:55,2023-03-13 19:40:55
28,Sra. Esther Madeira Neto,Sr. Elias Faro Neto,1983-11-17,96388274456,569240041101845,https://via.placeholder.com/200x200.png/00ee44?text=consequatur,38951-607,"30499-862, Travessa Teobaldo Saito, 88
da Cruz do Sul - PE",2476,17º Andar,"Largo Erik, 38. Apto 119",Santa Antonella d'Oeste,SC,2023-03-13 19:40:55,2023-03-13 19:40:55
29,Flor Dias Lovato,Dr. Cristian de Arruda Brito Sobrinho,1983-02-01,91740001160,585692349517729,https://via.placeholder.com/200x200.png/00ffbb?text=officiis,84803-741,"21694-672, Avenida Teles, 23
Vila Luiz - DF",1306,Apto 096,"Rua Lavínia das Neves, 35. Apto 96",Vila Lorena do Leste,SE,2023-03-13 19:40:55,2023-03-13 19:40:55
30,Dr. Luis Urias Jr.,Srta. Ivana Stella Garcia Filho,1974-12-07,06251217583,051881001537996,https://via.placeholder.com/200x200.png/00cc66?text=natus,70422-540,"66429-410, Largo Luísa, 84. 005º Andar
São Maximiano do Sul - PB",2633,Apto 8,"R. Noemi Valência, 2. Fundos",Porto Giovana d'Oeste,CE,2023-03-13 19:40:55,2023-03-13 19:40:55
31,Breno Martines,Dr. Sophie Valentin,1980-09-11,81593868779,921075536418045,https://via.placeholder.com/200x200.png/007755?text=asperiores,62235-980,"49758-419, Avenida Clara, 21. Bloco A
Santa Franco - PE",3986,267º Andar,"Travessa Franco, 7. 04º Andar",Pablo do Sul,CE,2023-03-13 19:40:55,2023-03-13 19:40:55
32,Sra. Suzana Miriam Tamoio Jr.,Sr. Thales Oliveira Rocha Neto,1995-10-12,30236141028,819698281254257,https://via.placeholder.com/200x200.png/0099dd?text=natus,22090-258,"19810-956, Largo Bittencourt, 297
Porto Jefferson - RJ",2432,Apto 512,"Av. Sofia Dias, 3",Nathalia do Sul,SP,2023-03-13 19:40:55,2023-03-13 19:40:55
33,Srta. Ketlin Diana Ferminiano Jr.,Dr. Gean Lira,1994-09-14,17621086128,109530410237854,https://via.placeholder.com/200x200.png/006600?text=porro,43419-459,"93241-895, Largo Cortês, 54461. Apto 3075
Lucio do Leste - AP",2188,Anexo,"Travessa Catarina Burgos, 463. Apto 355",Galindo do Leste,PA,2023-03-13 19:40:55,2023-03-13 19:40:55
34,Dr. Gilberto Estrada Rangel,Dr. Santiago Vega Burgos Sobrinho,1971-11-15,20003059079,242368231087382,https://via.placeholder.com/200x200.png/0022aa?text=at,36043-489,"26914-564, Avenida Erik, 69
Salazar d'Oeste - MS",4019,Apto 95,"Travessa Benedito, 497. Bc. 48 Ap. 24",Escobar do Sul,RR,2023-03-13 19:40:55,2023-03-13 19:40:55
35,Dr. Stephanie Dominato Cervantes Jr.,Michael Madeira Tamoio,1981-11-02,04193774446,270629455843121,https://via.placeholder.com/200x200.png/0000bb?text=harum,78830-350,"92674-664, Rua Queirós, 9. Fundos
Porto Abgail - PI",1629,Bloco B,"Av. Rosana de Souza, 76137",São Eva,MS,2023-03-13 19:40:55,2023-03-13 19:40:55
36,Bárbara Tatiana Domingues,Srta. Rosana Jaqueline Vale,1993-06-03,34935319572,104889890968961,https://via.placeholder.com/200x200.png/00ddbb?text=placeat,19073-154,"96582-587, Avenida Heloísa, 47. Bc. 63 Ap. 24
Luciana do Sul - TO",3561,Apto 54,"R. Valência, 284",São Henrique do Norte,PR,2023-03-13 19:40:55,2023-03-13 19:40:55
37,Sr. Juliano Santiago Serna Sobrinho,Bruno Luciano Rivera,1992-04-26,52325797631,712499221868283,https://via.placeholder.com/200x200.png/0044cc?text=temporibus,92681-219,"50515-055, Rua Aaron Padilha, 2045. 738º Andar
Vila Isaac do Leste - MT",22,Fundos,"Av. Stella Vieira, 6249",Salgado d'Oeste,RR,2023-03-13 19:40:55,2023-03-13 19:40:55
38,Srta. Karina Roberta Solano,Dr. Miranda Espinoza Beltrão Sobrinho,1978-12-23,06667268313,314637691158184,https://via.placeholder.com/200x200.png/009933?text=qui,21267-098,"94768-262, Rua Renata Feliciano, 27. Fundos
Marin d'Oeste - RR",5899,Anexo,"Travessa Carlos, 69381. Bc. 5 Ap. 96",Vila Dirce,MA,2023-03-13 19:40:55,2023-03-13 19:40:55
39,Sra. Esther Jennifer Vale,Manuela Elizabeth Neves,1985-10-02,48487083677,844361309612170,https://via.placeholder.com/200x200.png/0055aa?text=laudantium,65215-780,"23757-142, Rua Sandoval, 908. Bloco B
Kamila do Leste - MG",3544,Anexo,"R. Gabriel, 8570. Fundos",Nero do Sul,ES,2023-03-13 19:40:55,2023-03-13 19:40:55
40,Mary Liz Rios,Caroline Pena Paz,1988-01-21,41210992579,273041835778506,https://via.placeholder.com/200x200.png/00cc77?text=omnis,31272-271,"48408-538, Av. Giovanna, 67930. Apto 47
Valência d'Oeste - AL",1485,Fundos,"Rua Faria, 62. 7º Andar",Vila Antônio d'Oeste,TO,2023-03-13 19:40:55,2023-03-13 19:40:55
41,Dr. Augusto Serra Maldonado Neto,Dr. Murilo Delatorre Mendes,2007-02-08,71959870100,203812907234416,https://via.placeholder.com/200x200.png/0055dd?text=quam,30351-262,"81900-809, Rua Willian Vila, 4. Bloco B
Eric do Leste - CE",2207,Bloco A,"R. Marés, 480. Bc. 43 Ap. 63",Vila Graziela,RN,2023-03-13 19:40:55,2023-03-13 19:40:55
42,Miriam Eloá Assunção,Sr. Emerson Jerônimo Lovato Neto,1977-11-22,93700230599,917370056214600,https://via.placeholder.com/200x200.png/002299?text=sunt,90135-289,"27281-472, Travessa Tessália Duarte, 63. Apto 565
São Maurício - TO",4649,Bloco A,"Rua Valentin, 732. Apto 0687",Santa Joaquin,SP,2023-03-13 19:40:55,2023-03-13 19:40:55
43,Dr. Vanessa Luciana Bittencourt,Sra. Hortência Yasmin Assunção,1975-03-24,37170492840,787952952955228,https://via.placeholder.com/200x200.png/00ddaa?text=laboriosam,15411-827,"71378-725, Avenida Fontes, 48
Santa Thales do Norte - PB",2417,Fundos,"Avenida Maurício, 26287",São Deivid,RS,2023-03-13 19:40:55,2023-03-13 19:40:55
44,Natália Azevedo Urias,Dr. Mariana Heloísa de Aguiar,1990-03-03,78756405277,585634112223643,https://via.placeholder.com/200x200.png/002222?text=maxime,86750-634,"50132-560, Av. Reinaldo Branco, 866
Vila Adriana - ES",5077,Apto 6,"R. Esther Cruz, 29038",Porto Lidiane,AL,2023-03-13 19:40:55,2023-03-13 19:40:55
45,Sra. Eduarda Rivera Jr.,Srta. Alexa Ortiz Amaral Sobrinho,1998-12-24,97006304069,519198242844943,https://via.placeholder.com/200x200.png/009933?text=quasi,86941-075,"94207-683, R. Luan Ferraz, 337. Fundos
Porto Sergio do Leste - MA",90,79º Andar,"Rua Luciano, 1658. Anexo",Porto Betina do Leste,AL,2023-03-13 19:40:55,2023-03-13 19:40:55
46,Ariana Verdara Balestero,Jefferson Ramos Sobrinho,2003-02-20,65546610093,417763525216751,https://via.placeholder.com/200x200.png/003322?text=rem,47647-586,"07755-150, Rua D'ávila, 8151. Anexo
Lidiane d'Oeste - MA",1187,Apto 8214,"R. Amaral, 729. 0º Andar",Norma do Sul,RS,2023-03-13 19:40:55,2023-03-13 19:40:55
47,Wagner de Oliveira,Dr. Gabriela Valentin Vieira Filho,1976-07-30,26717818628,578786928252713,https://via.placeholder.com/200x200.png/00bbcc?text=provident,50188-998,"77996-767, R. Fabiana Mendonça, 4167
São Samuel - PR",5641,Fundos,"Avenida Matias, 30. Bc. 6 Ap. 10",Maria do Sul,PE,2023-03-13 19:40:55,2023-03-13 19:40:55
48,Sr. Natan Alexandre Reis Sobrinho,Guilherme Furtado Santiago,1995-08-13,24799940178,207363401164347,https://via.placeholder.com/200x200.png/0088aa?text=repudiandae,70334-983,"91437-898, Travessa Larissa, 6365
Ferraz do Leste - PR",300,Bloco A,"Avenida Martines, 36",São Thiago d'Oeste,MA,2023-03-13 19:40:55,2023-03-13 19:40:55
49,Eunice Maísa Toledo Neto,Dr. Giovane Jimenes Dominato Neto,1993-08-01,33440539483,511077392134840,https://via.placeholder.com/200x200.png/00eedd?text=quidem,28412-671,"89595-125, Largo Lucas, 83. Anexo
São Andres do Leste - PR",6,Bloco C,"Travessa Janaina Garcia, 5339. Bc. 1 Ap. 95",Velasques do Norte,PB,2023-03-13 19:40:55,2023-03-13 19:40:55
50,Srta. Maya Tessália Lutero,Cristiana Marília Salgado Neto,2002-08-09,79171953421,132623300667804,https://via.placeholder.com/200x200.png/0077bb?text=ut,34571-895,"81599-323, Avenida Simon, 6. Bloco B
Vila Thalia - RJ",497,Bc. 9 Ap. 49,"Rua Esther Gil, 843. Bloco A",Vila Júlio do Leste,DF,2023-03-13 19:40:55,2023-03-13 19:40:55
51,Mariah Dominato Sobrinho,Daniel Daniel de Souza Neto,1985-02-12,47022097137,681055604732327,https://via.placeholder.com/200x200.png/00cc11?text=quasi,67042-654,"25620-428, Travessa Paula Estrada, 1488
São Cristóvão - PE",5779,F,"Av. Montenegro, 69236",Rivera d'Oeste,GO,2023-03-13 19:40:55,2023-03-13 19:40:55
52,Nero de Freitas Filho,Renato Cruz Ramires,1972-05-14,94744887533,594626865885442,https://via.placeholder.com/200x200.png/002277?text=deserunt,92153-863,"22387-187, Travessa Máximo, 6
Santa Cristian - PB",52,52º Andar,"Avenida Amélia, 10",Porto Diogo,PI,2023-03-13 19:40:55,2023-03-13 19:40:55
53,Norma Luzia Benites,Dr. Iasmin Zaragoça Sobrinho,1976-07-16,29875268454,849256551759149,https://via.placeholder.com/200x200.png/004477?text=amet,59452-171,"65277-086, Rua Luna Batista, 5808. 922º Andar
Vila Felipe - RN",2082,Bc. 34 Ap. 34,"R. Andréia Assunção, 59118. Apto 3522",Velasques do Norte,PI,2023-03-13 19:40:55,2023-03-13 19:40:55
54,Sra. Lívia Salgado Serna,Michelle Perez da Cruz Jr.,2017-09-07,94145151043,169499243893487,https://via.placeholder.com/200x200.png/00ffee?text=delectus,35587-507,"92590-735, Rua Cecília Paes, 2282
Zambrano d'Oeste - RO",1839,Bloco B,"Travessa Kevin, 83480",Azevedo do Leste,SE,2023-03-13 19:40:55,2023-03-13 19:40:55
55,Dr. Pedro Quintana Salazar Neto,Carol Aragão Matos,2014-02-16,75052645353,397988732856545,https://via.placeholder.com/200x200.png/00eecc?text=blanditiis,41280-225,"21451-580, R. Gabriel Rios, 5. F
Fábio d'Oeste - DF",3082,Apto 1,"Largo Renata Prado, 1041",São Gustavo,PA,2023-03-13 19:40:55,2023-03-13 19:40:55
56,Silvana Solano,Cynthia Flores Sobrinho,1974-04-28,43411932909,380627843187517,https://via.placeholder.com/200x200.png/00dd44?text=rerum,96036-030,"92677-675, R. Rios, 9. Apto 16
Abreu do Norte - ES",2595,Fundos,"Largo Mateus Abreu, 90910",Porto Sarah,AL,2023-03-13 19:40:55,2023-03-13 19:40:55
57,Mia Fernanda Rosa Jr.,Srta. Lia Ferreira,2009-02-09,89038844795,301510236048895,https://via.placeholder.com/200x200.png/00bb77?text=reprehenderit,74357-146,"87820-495, Rua Hernani Serrano, 57. 007º Andar
São Ivan - CE",1292,Apto 56,"Rua Gustavo Benites, 9657. F",São Hernani d'Oeste,AC,2023-03-13 19:40:55,2023-03-13 19:40:55
58,Hugo Davi Vega,Sra. Liz Paz Jimenes,2001-08-22,41710079421,319574168311539,https://via.placeholder.com/200x200.png/00dd55?text=laborum,96252-316,"86744-699, Rua Ellen Cervantes, 771. 947º Andar
Vila Jonas do Leste - RN",1074,Apto 3346,"Largo Ian Ferreira, 50071. Apto 0420",São Alexa do Leste,AM,2023-03-13 19:40:55,2023-03-13 19:40:55
59,Dr. Márcio Teles,Dr. Henrique Pacheco,1978-10-12,99605755563,566279403295415,https://via.placeholder.com/200x200.png/0077bb?text=quasi,64502-351,"03071-007, Travessa Diego Jimenes, 17. 29º Andar
Porto Simone - MG",3888,Anexo,"Avenida Cruz, 93",Porto Estela,RS,2023-03-13 19:40:55,2023-03-13 19:40:55
60,Sr. Maximiano Deivid Padilha Sobrinho,Dr. Raquel Fontes Jr.,2015-12-05,17165794639,088868205097737,https://via.placeholder.com/200x200.png/0044cc?text=eveniet,73169-797,"86730-926, Rua Gomes, 25453. 8º Andar
São João do Leste - MG",5084,Bc. 78 Ap. 96,"Largo Wagner, 38",Santa Arthur do Sul,SE,2023-03-13 19:40:55,2023-03-13 19:40:55
61,Dr. Joaquim Kléber Amaral Jr.,Wagner Burgos,1996-03-02,07707842015,161029663295805,https://via.placeholder.com/200x200.png/0033cc?text=corporis,37750-400,"20191-171, Av. Edson, 5974
Franco do Sul - TO",2175,Apto 276,"Largo Maximiano, 4",Aguiar do Leste,BA,2023-03-13 19:40:55,2023-03-13 19:40:55
62,Juliano da Cruz Domingues Sobrinho,Sra. Noemi Bittencourt,2005-09-12,00799064530,434295593803803,https://via.placeholder.com/200x200.png/003333?text=et,97470-160,"85899-100, Avenida Marcos, 68051. 06º Andar
Vila Juliano do Leste - TO",1079,Anexo,"Avenida Giovana Valência, 469",Benez do Norte,RJ,2023-03-13 19:40:55,2023-03-13 19:40:55
63,Giovana Léia Serrano,Sra. Mary Valente Deverso,1975-05-17,79550339444,381284011669778,https://via.placeholder.com/200x200.png/00aaff?text=provident,16898-965,"25894-994, Rua Lutero, 6
das Neves do Sul - RS",3170,F,"Travessa Kauan Alcantara, 88979",Vila Fabiano d'Oeste,SC,2023-03-13 19:40:55,2023-03-13 19:40:55
64,Sr. Bruno Chaves Sobrinho,Srta. Maraisa Furtado Leal Jr.,2022-02-21,90734844445,922792934402912,https://via.placeholder.com/200x200.png/00bb44?text=eius,86774-780,"40928-256, Largo Romero, 84
Rodrigo do Norte - RS",2283,F,"Rua Cléber Santana, 3917",Santa Gisela,AM,2023-03-13 19:40:55,2023-03-13 19:40:55
65,Dr. Roberta de Oliveira Neto,Dr. Regiane Maldonado Filho,2009-07-19,46958807739,945739239856615,https://via.placeholder.com/200x200.png/00aa00?text=temporibus,44659-915,"68082-365, Avenida Walter, 5
Porto Noa - RN",1825,Apto 751,"R. Mirela Ramos, 9789. 17º Andar",Catarina do Leste,SP,2023-03-13 19:40:55,2023-03-13 19:40:55
66,Ziraldo Gabriel Matias,Leonardo Matias Prado Jr.,1973-09-23,60107426532,750133938375046,https://via.placeholder.com/200x200.png/00aa00?text=molestiae,51892-423,"53701-003, Travessa Suelen Rangel, 4. Apto 4
Porto Benedito - CE",712,Bc. 9 Ap. 79,"Avenida Sérgio Gonçalves, 94",Faria do Leste,MS,2023-03-13 19:40:55,2023-03-13 19:40:55
67,Srta. Renata Flor Lutero Filho,Dr. Karina Sanches Cruz Sobrinho,1996-10-30,10014100309,158526789090879,https://via.placeholder.com/200x200.png/005555?text=unde,31358-426,"03281-052, Av. Sales, 164
Leonardo d'Oeste - SC",1410,Apto 87,"Av. Tessália, 255. Bloco A",Madeira do Sul,AL,2023-03-13 19:40:55,2023-03-13 19:40:55
68,Srta. Giovanna Galhardo Valentin,Srta. Eloah Esteves Jr.,2004-04-23,61786591338,992003739333435,https://via.placeholder.com/200x200.png/0011aa?text=ratione,38100-949,"08911-362, Avenida Karen Saito, 1685. Apto 580
Renato d'Oeste - AC",5600,Apto 495,"Largo Mauro, 4. Anexo",Porto Simone,RO,2023-03-13 19:40:55,2023-03-13 19:40:55
69,Sra. Luna Solano Jr.,Dr. Pedro Márcio Ortega Sobrinho,1993-06-16,63498001463,536778898109270,https://via.placeholder.com/200x200.png/009955?text=laboriosam,72079-313,"84746-386, Avenida Melissa Paz, 73. F
Alexa d'Oeste - SP",2045,785º Andar,"Avenida Jerônimo Deverso, 52428. Bloco A",Porto Violeta do Norte,CE,2023-03-13 19:40:55,2023-03-13 19:40:55
70,Dr. Silvana Grego Toledo Sobrinho,Fátima Allison de Freitas,1982-12-14,13985200510,705528039877436,https://via.placeholder.com/200x200.png/00ff00?text=sapiente,58536-178,"97339-043, Rua Eloah, 31511
São Mari - MG",4135,Fundos,"R. Marina, 99660. Anexo",Sandoval d'Oeste,PI,2023-03-13 19:40:55,2023-03-13 19:40:55
71,Dr. Horácio Oliveira Flores Jr.,Leonardo Saraiva Jr.,1977-09-27,27788709890,058730958948070,https://via.placeholder.com/200x200.png/0011aa?text=aut,23537-291,"79849-564, Av. Rosa, 423. Apto 32
Gisele do Leste - RN",688,254º Andar,"Rua Soto, 96",Pedrosa do Leste,DF,2023-03-13 19:40:55,2023-03-13 19:40:55
72,Sra. Marília Adriele Salas Neto,Sra. Regina Thaís Quintana Sobrinho,1992-09-11,67986211336,474257295702945,https://via.placeholder.com/200x200.png/008855?text=sint,98077-826,"33048-543, R. Olga Godói, 32
Porto Kléber do Leste - RS",3077,F,"Largo Cristina, 61",Danielle do Norte,SP,2023-03-13 19:40:55,2023-03-13 19:40:55
78,maria,maria,1978-12-31,11111111111,111111111111111,image1,02206000,rua maria,100,ap 67 bloco 2,vila maria,são paulo,SP,2023-03-14 14:57:07,2023-03-14 14:57:07
